1,Angeli,Mapes,amapes0@chronoengine.com,Male
2,Petronille,Helmke,phelmke1@walmart.com,Female
3,Humfrid,Sainsberry,hsainsberry2@disqus.com,Male
4,Kaja,Carnson,kcarnson3@amazon.de,Female
5,Basia,Narraway,bnarraway4@bloomberg.com,Female
6,Hy,Robiot,hrobiot5@quantcast.com,Male
7,Angelika,Pedrocco,apedrocco6@quantcast.com,Female
8,Brigit,Olivie,bolivie7@so-net.ne.jp,Female
9,Marjorie,Coope,mcoope8@microsoft.com,Female
10,Demetra,Gumey,dgumey9@gmpg.org,Female
11,Geneva,Vasentsov,gvasentsova@wsj.com,Female
12,Llywellyn,Bullant,lbullantb@sfgate.com,Male
13,Ruperta,Dudin,rdudinc@dailymotion.com,Female
14,Page,Ferrotti,pferrottid@mashable.com,Female
15,Fara,Mannooch,fmannooche@bizjournals.com,Female
16,Manon,Focke,mfockef@oracle.com,Female
17,Josh,Belle,jbelleg@census.gov,Male
18,Jarad,Bresner,jbresnerh@51.la,Male
19,Reinaldos,Gianuzzi,rgianuzzii@slideshare.net,Male
20,Carlene,Willans,cwillansj@ed.gov,Female
21,Clayson,Jennaway,cjennawayk@usatoday.com,Male
22,Jed,McGilvray,jmcgilvrayl@jiathis.com,Male
23,Matteo,Zannotelli,mzannotellim@canalblog.com,Male
24,Carrol,Antos,cantosn@nydailynews.com,Male
25,Flinn,Broome,fbroomeo@tmall.com,Male
26,Any,Lewcock,alewcockp@nih.gov,Male
27,Halimeda,Drewet,hdrewetq@is.gd,Female
28,Melissa,Saundercock,msaundercockr@usnews.com,Female
29,Adrea,Sute,asutes@huffingtonpost.com,Female
30,Meaghan,Filan,mfilant@berkeley.edu,Female
31,Baldwin,O'Henehan,bohenehanu@blogs.com,Male
32,Annabelle,McCaughen,amccaughenv@answers.com,Female
33,Allyn,Lias,aliasw@aol.com,Female
34,Katerina,Simounet,ksimounetx@shop-pro.jp,Female
35,Hedwig,Neild,hneildy@mashable.com,Female
36,Robbie,Stockport,rstockportz@ucoz.com,Male
37,Ofilia,Vasyatkin,ovasyatkin10@plala.or.jp,Female
38,Ashil,Daal,adaal11@skype.com,Female
39,Bradney,Erangey,berangey12@reverbnation.com,Male
40,Bibbye,Jarrelt,bjarrelt13@about.com,Female
41,Luciano,Wingatt,lwingatt14@ibm.com,Male
42,Izabel,Batisse,ibatisse15@bloglovin.com,Female
43,Cullen,Gjerde,cgjerde16@odnoklassniki.ru,Male
44,Hewitt,Lante,hlante17@ft.com,Male
45,Karel,Mounter,kmounter18@hao123.com,Male
46,Gratiana,Elletson,gelletson19@shareasale.com,Female
47,Robin,Reford,rreford1a@businessweek.com,Male
48,Ashlee,Rochewell,arochewell1b@mysql.com,Female
49,Isis,Woehler,iwoehler1c@paypal.com,Female
50,Cori,Lancley,clancley1d@arstechnica.com,Female
51,Alexio,Elsley,aelsley1e@ucoz.com,Male
52,Glenn,Paula,gpaula1f@patch.com,Male
53,Corena,Lenthall,clenthall1g@ow.ly,Female
54,Larina,Sallnow,lsallnow1h@xing.com,Female
55,Filberte,Zucker,fzucker1i@businessweek.com,Male
56,Roxane,Smeaton,rsmeaton1j@un.org,Female
57,Osborne,Buxton,obuxton1k@auda.org.au,Male
58,Kinnie,Zahor,kzahor1l@infoseek.co.jp,Male
59,Bourke,Karolewski,bkarolewski1m@berkeley.edu,Male
60,Oralee,Grabbam,ograbbam1n@stumbleupon.com,Female
61,Lorenza,Rikkard,lrikkard1o@zimbio.com,Female
62,Dasie,McRannell,dmcrannell1p@ustream.tv,Female
63,Cord,Stonhard,cstonhard1q@vimeo.com,Male
64,Dolph,Olander,dolander1r@theguardian.com,Male
65,Haydon,Salmoni,hsalmoni1s@cnbc.com,Male
66,Lauree,Cocksedge,lcocksedge1t@amazon.co.jp,Female
67,Hollyanne,Thomton,hthomton1u@unc.edu,Female
68,Barrie,Carillo,bcarillo1v@php.net,Male
69,Horst,Penney,hpenney1w@amazon.de,Male
70,Reba,Andraud,randraud1x@bbc.co.uk,Female
71,Rick,Birrane,rbirrane1y@mayoclinic.com,Male
72,Nicholas,Flinders,nflinders1z@washington.edu,Male
73,Farand,Oxford,foxford20@webmd.com,Female
74,Oswell,Dumper,odumper21@quantcast.com,Male
75,Flori,Ebbin,febbin22@oakley.com,Female
76,Daisie,Thying,dthying23@upenn.edu,Female
77,Ruben,Tichelaar,rtichelaar24@msu.edu,Male
78,Marylin,McCaighey,mmccaighey25@tuttocitta.it,Female
79,Lina,Yokley,lyokley26@acquirethisname.com,Female
80,Darnell,Keele,dkeele27@usgs.gov,Male
81,Evangelin,MacGaughie,emacgaughie28@netvibes.com,Female
82,Orren,Coats,ocoats29@dagondesign.com,Male
83,Cindi,Kearle,ckearle2a@wix.com,Female
84,Lon,Dmitrovic,ldmitrovic2b@pinterest.com,Male
85,Raviv,Dickson,rdickson2c@1688.com,Male
86,Barnabe,Lombard,blombard2d@wikispaces.com,Male
87,Hedwig,Canario,hcanario2e@youtu.be,Female
88,Leanna,Farrance,lfarrance2f@oakley.com,Female
89,Ashil,Saltwell,asaltwell2g@goo.gl,Female
90,Matthias,Matteris,mmatteris2h@e-recht24.de,Male
91,Gregory,Tetsall,gtetsall2i@canalblog.com,Male
92,Cybil,Spadaro,cspadaro2j@infoseek.co.jp,Female
93,Ariadne,Hillaby,ahillaby2k@naver.com,Female
94,Ree,Adamkiewicz,radamkiewicz2l@freewebs.com,Female
95,Patric,Dafydd,pdafydd2m@virginia.edu,Male
96,Theda,Lockton,tlockton2n@blogs.com,Female
97,Jamesy,Fitch,jfitch2o@pbs.org,Male
98,Briana,Maudett,bmaudett2p@ibm.com,Female
99,Martin,Ayrton,mayrton2q@alexa.com,Male
100,Obediah,Dallicoat,odallicoat2r@mediafire.com,Male
